{"cameraMode":{"drawMode":0,"name":"Shaded","section":"Shading Mode"},"sceneLighting":false,"audioPlay":false,"sceneViewState":{"showFog":true,"showMaterialUpdate":false,"showSkybox":true,"showFlares":true,"showImageEffects":true,"showParticleSystems":true},"in2DMode":false,"pivot":{"x":-0.11608581244945526,"y":-0.4588867127895355,"z":-1.6378495693206788},"rotation":{"x":0.16211730241775514,"y":0.8000422716140747,"z":-0.24879799783229829,"w":0.521308183670044},"size":7.779327392578125,"orthographic":true}