{"cameraMode":{"drawMode":0,"name":"Shaded","section":"Shading Mode"},"sceneLighting":false,"audioPlay":false,"sceneViewState":{"showFog":true,"showMaterialUpdate":false,"showSkybox":true,"showFlares":true,"showImageEffects":true,"showParticleSystems":true},"in2DMode":false,"pivot":{"x":-1.595344066619873,"y":-0.5501614809036255,"z":-1.3984016180038453},"rotation":{"x":0.17477811872959138,"y":-0.7895554304122925,"z":0.2619988024234772,"w":0.5267043113708496},"size":5.892582893371582,"orthographic":true}