{"cameraMode":{"drawMode":0,"name":"Shaded","section":"Shading Mode"},"sceneLighting":false,"audioPlay":false,"sceneViewState":{"showFog":true,"showMaterialUpdate":false,"showSkybox":true,"showFlares":true,"showImageEffects":true,"showParticleSystems":true},"in2DMode":false,"pivot":{"x":-1.595344066619873,"y":-0.5501614809036255,"z":-1.3984016180038453},"rotation":{"x":0.07787737995386124,"y":-0.9191358089447022,"z":0.23165838420391084,"w":0.3089793026447296},"size":5.48106050491333,"orthographic":true}