{"cameraMode":{"drawMode":0,"name":"Shaded","section":"Shading Mode"},"sceneLighting":false,"audioPlay":false,"sceneViewState":{"showFog":true,"showMaterialUpdate":false,"showSkybox":true,"showFlares":true,"showImageEffects":true,"showParticleSystems":true},"in2DMode":false,"pivot":{"x":-2.986194610595703,"y":-2.3328826427459719,"z":-5.74249267578125},"rotation":{"x":0.1942712962627411,"y":0.8016862273216248,"z":-0.442137748003006,"w":0.35225817561149599},"size":7.995743274688721,"orthographic":true}