{"cameraMode":{"drawMode":0,"name":"Shaded","section":"Shading Mode"},"sceneLighting":false,"audioPlay":false,"sceneViewState":{"showFog":true,"showMaterialUpdate":false,"showSkybox":true,"showFlares":true,"showImageEffects":true,"showParticleSystems":true},"in2DMode":false,"pivot":{"x":-1.0344176292419434,"y":-3.271484375,"z":3.014592409133911},"rotation":{"x":0.3934895098209381,"y":-0.2654440999031067,"z":0.1197831779718399,"w":0.8719881176948547},"size":6.589347839355469,"orthographic":true}