{"cameraMode":{"drawMode":0,"name":"Shaded","section":"Shading Mode"},"sceneLighting":false,"audioPlay":false,"sceneViewState":{"showFog":true,"showMaterialUpdate":false,"showSkybox":true,"showFlares":true,"showImageEffects":true,"showParticleSystems":true},"in2DMode":false,"pivot":{"x":-0.5939285755157471,"y":0.4979640543460846,"z":-0.16064776480197907},"rotation":{"x":0.25864073634147646,"y":-0.04490062966942787,"z":0.01202715840190649,"w":0.9648737907409668},"size":4.507394790649414,"orthographic":false}