{"cameraMode":{"drawMode":0,"name":"Shaded","section":"Shading Mode"},"sceneLighting":false,"audioPlay":false,"sceneViewState":{"showFog":true,"showMaterialUpdate":false,"showSkybox":true,"showFlares":true,"showImageEffects":true,"showParticleSystems":true},"in2DMode":false,"pivot":{"x":-2.986194610595703,"y":-2.3328826427459719,"z":-5.74249267578125},"rotation":{"x":-0.008117933757603169,"y":0.9908720850944519,"z":-0.11495751887559891,"w":-0.06997247040271759},"size":5.007515907287598,"orthographic":true}