{"cameraMode":{"drawMode":0,"name":"Shaded","section":"Shading Mode"},"sceneLighting":false,"audioPlay":false,"sceneViewState":{"showFog":true,"showMaterialUpdate":false,"showSkybox":true,"showFlares":true,"showImageEffects":true,"showParticleSystems":true},"in2DMode":false,"pivot":{"x":-0.48097530007362368,"y":0.2814149856567383,"z":0.5197161436080933},"rotation":{"x":0.5139331221580505,"y":-0.05268755182623863,"z":0.031646840274333957,"w":0.8556270003318787},"size":1.8073949813842774,"orthographic":false}